section,time
1,0.9069667519232243
2,1.4805271510969331
3,0.8128079842640215
total,3.200301887284179
